tenure,preferred_login_device,city_tier,warehouse_to_home,preferred_payment_mode,gender,hour_spend_on_app,number_of_device_registered,prefered_order_cat,satisfaction_score,marital_status,number_of_address,complain,order_amount_hike_fromlast_year,coupon_used,order_count,day_since_last_order,cashback_amount
29.0,Mobile Phone,1,7.0,Credit Card,Male,3.0,4,Others,5,Single,2,1,,4.0,5.0,14.0,315.45
5.0,Mobile Phone,3,12.0,Debit Card,Female,4.0,4,Laptop & Accessory,1,Married,3,0,12.0,1.0,2.0,3.0,179.76
22.0,Mobile Phone,1,28.0,UPI,Female,3.0,3,Grocery,4,Married,4,0,16.0,,1.0,2.0,264.13
13.0,Mobile Phone,3,31.0,E wallet,Female,3.0,5,Grocery,1,Married,2,0,12.0,2.0,,7.0,245.31
26.0,Mobile Phone,1,11.0,UPI,Female,2.0,3,Others,3,Married,5,0,11.0,,4.0,8.0,290.94
12.0,Mobile Phone,1,7.0,Debit Card,Female,3.0,3,Laptop & Accessory,2,Single,2,0,14.0,2.0,2.0,9.0,201.25
16.0,Mobile Phone,3,30.0,Debit Card,Male,3.0,3,Fashion,5,Single,7,1,13.0,2.0,2.0,2.0,204.48
10.0,Mobile Phone,1,34.0,Credit Card,Male,4.0,4,Laptop & Accessory,3,Married,8,0,14.0,1.0,8.0,8.0,177.37
4.0,Mobile Phone,3,13.0,E wallet,Male,3.0,3,Laptop & Accessory,2,Married,5,0,12.0,0.0,1.0,7.0,175.47
5.0,Mobile Phone,3,14.0,Cash on Delivery,Male,4.0,3,Laptop & Accessory,2,Divorced,6,0,12.0,4.0,8.0,8.0,194.29
7.0,Phone,1,6.0,Debit Card,Female,3.0,1,Mobile,2,Single,3,0,16.0,0.0,1.0,3.0,132.8
8.0,Computer,3,6.0,E wallet,Female,3.0,3,Fashion,3,Single,2,0,14.0,1.0,1.0,8.0,187.89
1.0,Computer,3,9.0,Debit Card,Male,3.0,6,Laptop & Accessory,2,Single,5,0,21.0,2.0,2.0,1.0,175.71
8.0,Phone,3,,Debit Card,Male,3.0,3,Mobile,3,Divorced,2,0,13.0,1.0,1.0,0.0,124.03999999999999
30.0,Mobile Phone,1,11.0,Cash on Delivery,Female,2.0,4,Fashion,4,Married,3,1,13.0,1.0,1.0,4.0,205.52
,Mobile Phone,1,8.0,Debit Card,Female,3.0,1,Mobile,2,Divorced,2,0,13.0,6.0,7.0,7.0,120.11000000000001
6.0,Computer,1,12.0,Debit Card,Male,1.0,3,Laptop & Accessory,2,Married,4,0,23.0,4.0,4.0,7.0,177.25
1.0,Computer,1,23.0,Debit Card,Female,4.0,6,Mobile Phone,5,Single,3,1,23.0,1.0,7.0,8.0,164.19
13.0,Computer,3,34.0,UPI,Male,2.0,5,Fashion,5,Married,4,0,15.0,1.0,1.0,,209.32
11.0,Mobile Phone,1,7.0,Cash on Delivery,Female,3.0,4,Fashion,2,Single,6,0,18.0,2.0,2.0,3.0,199.91
,Phone,1,8.0,Debit Card,Female,3.0,4,Mobile,3,Single,2,0,14.0,1.0,1.0,0.0,122.74000000000001
8.0,Mobile Phone,1,14.0,Debit Card,Female,3.0,4,Fashion,4,Single,2,0,12.0,1.0,,12.0,244.94
6.0,Phone,1,9.0,COD,Male,4.0,4,Mobile Phone,5,Single,3,0,15.0,1.0,2.0,3.0,149.39
3.0,Mobile Phone,3,16.0,E wallet,Male,3.0,4,Laptop & Accessory,3,Married,2,0,18.0,0.0,1.0,4.0,165.78
13.0,Computer,1,8.0,Debit Card,Male,4.0,4,Laptop & Accessory,1,Married,3,1,16.0,1.0,6.0,9.0,189.72
20.0,Computer,1,22.0,Credit Card,Male,3.0,1,Laptop & Accessory,3,Married,2,1,19.0,1.0,2.0,7.0,150.67
10.0,Mobile Phone,3,8.0,E wallet,Male,3.0,3,Laptop & Accessory,3,Married,5,1,11.0,0.0,1.0,0.0,196.02
12.0,Computer,1,10.0,Credit Card,Female,2.0,3,Laptop & Accessory,3,Single,1,0,13.0,3.0,3.0,8.0,150.42
1.0,Computer,1,10.0,Debit Card,Female,3.0,4,Mobile Phone,3,Single,3,0,13.0,3.0,8.0,8.0,165.84
9.0,Mobile Phone,1,23.0,Debit Card,Female,4.0,5,Fashion,4,Single,3,0,20.0,2.0,4.0,,211.06
12.0,Computer,1,9.0,Debit Card,Female,4.0,2,Laptop & Accessory,5,Single,8,1,13.0,5.0,5.0,13.0,184.8
,Phone,1,23.0,Debit Card,Female,3.0,3,Mobile,4,Married,2,0,13.0,1.0,1.0,0.0,122.1
7.0,Computer,1,30.0,Debit Card,Female,4.0,4,Fashion,1,Single,3,1,13.0,4.0,,13.0,259.58
22.0,Mobile Phone,1,7.0,Debit Card,Male,4.0,5,Others,2,Single,8,0,,2.0,2.0,1.0,307.65
7.0,Computer,1,9.0,Debit Card,Male,2.0,3,Laptop & Accessory,1,Single,1,0,17.0,1.0,1.0,4.0,177.56
,Phone,1,17.0,CC,Female,2.0,3,Mobile,4,Divorced,2,0,13.0,1.0,1.0,2.0,122.44
0.0,Phone,1,,CC,Male,2.0,4,Mobile,1,Single,2,1,13.0,0.0,1.0,1.0,123.88999999999999
9.0,Computer,1,10.0,Debit Card,Female,3.0,3,Laptop & Accessory,4,Married,8,0,13.0,0.0,1.0,2.0,151.31
12.0,Computer,1,15.0,Credit Card,Female,3.0,5,Laptop & Accessory,4,Married,3,1,17.0,2.0,2.0,8.0,146.33
4.0,Computer,3,31.0,Debit Card,Female,4.0,2,Grocery,4,Single,6,1,17.0,2.0,,1.0,256.94
10.0,Phone,1,16.0,CC,Female,3.0,3,Mobile,5,Divorced,7,0,20.0,1.0,1.0,3.0,134.52
7.0,Mobile Phone,3,34.0,E wallet,Female,3.0,4,Laptop & Accessory,3,Married,2,0,21.0,1.0,1.0,7.0,167.12
27.0,Mobile Phone,2,25.0,Credit Card,Male,2.0,3,Fashion,4,Married,3,0,15.0,2.0,7.0,1.0,207.25
,Mobile Phone,1,8.0,CC,Female,3.0,3,Mobile,3,Married,3,0,14.0,1.0,1.0,2.0,120.00999999999999
2.0,Mobile Phone,3,12.0,Credit Card,Male,4.0,4,Laptop & Accessory,2,Single,3,0,15.0,2.0,2.0,3.0,174.08
28.0,Mobile Phone,1,8.0,Credit Card,Female,2.0,5,Others,3,Divorced,5,0,14.0,,9.0,11.0,291.87
6.0,Mobile Phone,1,12.0,UPI,Female,3.0,2,Mobile Phone,1,Married,5,0,18.0,2.0,2.0,3.0,158.12
21.0,Mobile Phone,1,12.0,Debit Card,Male,3.0,4,Others,3,Married,6,0,,2.0,2.0,2.0,308.0
15.0,Mobile Phone,1,12.0,Credit Card,Male,2.0,3,Fashion,5,Married,10,0,13.0,5.0,,7.0,233.48000000000002
24.0,Computer,1,6.0,Credit Card,Female,1.0,4,Fashion,5,Single,4,0,20.0,4.0,12.0,8.0,174.84
1.0,Mobile Phone,1,15.0,Debit Card,Male,4.0,6,Mobile Phone,5,Married,3,0,16.0,1.0,2.0,2.0,149.51
10.0,Mobile Phone,3,18.0,E wallet,Female,4.0,5,Laptop & Accessory,1,Married,6,0,14.0,2.0,2.0,1.0,191.52
1.0,Computer,1,12.0,Debit Card,Male,,4,Mobile,3,Married,2,1,14.0,1.0,1.0,2.0,127.03
20.0,Mobile Phone,3,7.0,Debit Card,Male,3.0,2,Grocery,5,Single,3,0,,2.0,2.0,13.0,300.67
8.0,Computer,3,30.0,E wallet,Male,4.0,4,Laptop & Accessory,3,Single,2,0,21.0,1.0,9.0,8.0,170.68
7.0,Mobile Phone,1,15.0,Debit Card,Male,2.0,3,Fashion,2,Married,1,0,11.0,1.0,1.0,6.0,185.0
,Phone,1,31.0,CC,Male,2.0,4,Mobile,4,Single,5,1,20.0,0.0,2.0,2.0,123.13
8.0,Phone,1,34.0,Credit Card,Female,4.0,4,Mobile Phone,4,Single,4,0,16.0,2.0,2.0,3.0,148.11
12.0,Phone,1,25.0,UPI,Male,2.0,3,Laptop & Accessory,1,Married,9,0,14.0,1.0,2.0,2.0,139.02
13.0,Mobile Phone,1,8.0,Credit Card,Female,2.0,1,Laptop & Accessory,3,Married,6,0,20.0,5.0,11.0,8.0,163.77
8.0,Mobile Phone,3,28.0,Debit Card,Male,4.0,2,Laptop & Accessory,1,Single,3,0,13.0,1.0,6.0,8.0,178.37
11.0,Mobile Phone,3,8.0,E wallet,Male,2.0,3,Fashion,4,Single,8,0,16.0,1.0,1.0,0.0,173.51
3.0,Phone,3,17.0,E wallet,Male,3.0,4,Mobile Phone,4,Married,3,0,15.0,1.0,3.0,3.0,147.97
,Phone,1,15.0,Debit Card,Female,3.0,3,Mobile,3,Single,5,0,12.0,1.0,2.0,0.0,121.05000000000001
9.0,Mobile Phone,3,15.0,Credit Card,Male,3.0,4,Fashion,1,Single,2,0,16.0,3.0,4.0,7.0,196.19
7.0,Mobile Phone,3,7.0,Credit Card,Male,3.0,2,Laptop & Accessory,5,Married,3,0,23.0,1.0,2.0,9.0,165.37
8.0,Mobile Phone,3,7.0,E wallet,Male,4.0,2,Laptop & Accessory,2,Married,2,0,12.0,2.0,2.0,,222.25
18.0,Mobile Phone,1,14.0,Credit Card,Female,3.0,5,Fashion,1,Married,5,0,15.0,1.0,6.0,,227.48
0.0,Phone,1,7.0,Debit Card,Female,,4,Mobile,3,Married,2,1,13.0,0.0,1.0,0.0,129.33
0.0,Mobile Phone,1,21.0,Credit Card,Male,2.0,3,Fashion,3,Married,8,1,12.0,3.0,,7.0,236.10000000000002
8.0,Phone,1,29.0,Credit Card,Female,1.0,3,Mobile Phone,5,Married,4,1,15.0,0.0,2.0,2.0,140.14
18.0,Mobile Phone,3,8.0,COD,Male,2.0,5,Laptop & Accessory,3,Single,1,0,13.0,1.0,3.0,1.0,166.32
9.0,Computer,1,9.0,COD,Male,2.0,3,Mobile Phone,4,Divorced,2,0,12.0,1.0,1.0,7.0,136.92
1.0,Mobile Phone,3,29.0,COD,Male,3.0,4,Mobile Phone,3,Single,3,0,12.0,2.0,2.0,3.0,159.47
12.0,Mobile Phone,1,17.0,Credit Card,Female,4.0,6,Fashion,3,Married,5,0,13.0,1.0,,12.0,257.06
27.0,Mobile Phone,1,13.0,Credit Card,Female,3.0,3,Laptop & Accessory,1,Married,5,0,15.0,1.0,1.0,7.0,168.54
1.0,Phone,3,9.0,COD,Male,4.0,4,Mobile Phone,5,Married,5,0,14.0,2.0,2.0,1.0,148.22
16.0,Mobile Phone,1,16.0,UPI,Male,4.0,5,Others,1,Single,10,0,,2.0,2.0,2.0,321.13
30.0,Computer,1,8.0,Debit Card,Male,3.0,4,Laptop & Accessory,3,Married,3,0,22.0,1.0,2.0,10.0,188.06
3.0,Computer,1,6.0,Debit Card,Male,2.0,4,Fashion,3,Single,2,0,22.0,4.0,5.0,8.0,184.74
20.0,Computer,1,25.0,Credit Card,Female,3.0,4,Fashion,3,Married,7,0,12.0,1.0,2.0,,230.27
1.0,Mobile Phone,3,12.0,E wallet,Male,3.0,5,Laptop & Accessory,3,Single,3,1,12.0,2.0,2.0,4.0,182.44
16.0,Computer,1,,Debit Card,Female,2.0,3,Mobile,1,Single,1,0,19.0,0.0,1.0,7.0,124.55000000000001
,Phone,1,7.0,Debit Card,Male,2.0,3,Mobile,1,Married,2,0,11.0,0.0,1.0,3.0,120.44
14.0,Mobile Phone,1,31.0,COD,Male,4.0,4,Laptop & Accessory,2,Married,3,0,18.0,3.0,5.0,8.0,158.19
3.0,Mobile Phone,1,20.0,UPI,Male,3.0,5,Laptop & Accessory,4,Married,6,1,14.0,2.0,2.0,4.0,165.25
26.0,Computer,3,127.0,Debit Card,Male,3.0,4,Mobile Phone,1,Married,4,0,16.0,2.0,2.0,1.0,159.82
12.0,Mobile Phone,3,10.0,Debit Card,Male,3.0,4,Laptop & Accessory,2,Single,10,1,13.0,2.0,2.0,1.0,193.61
23.0,Mobile Phone,1,29.0,UPI,Female,4.0,4,Grocery,4,Married,5,0,17.0,,2.0,3.0,289.13
14.0,Computer,3,7.0,Debit Card,Male,4.0,4,Laptop & Accessory,3,Married,9,0,13.0,2.0,2.0,2.0,192.28
1.0,Computer,3,33.0,E wallet,Female,3.0,5,Laptop & Accessory,5,Single,7,0,16.0,2.0,2.0,2.0,191.96
8.0,Mobile Phone,1,22.0,Debit Card,Female,3.0,4,Fashion,4,Single,2,0,19.0,3.0,3.0,3.0,186.06
4.0,Mobile Phone,3,12.0,Debit Card,Female,3.0,4,Fashion,1,Married,4,0,13.0,2.0,8.0,,219.19
11.0,Mobile Phone,1,7.0,Credit Card,Female,3.0,5,Mobile Phone,5,Married,4,0,15.0,1.0,2.0,3.0,164.2
14.0,Computer,1,15.0,Credit Card,Male,3.0,5,Fashion,4,Married,4,0,12.0,,5.0,9.0,262.57
1.0,Mobile Phone,3,15.0,Debit Card,Male,3.0,2,Laptop & Accessory,4,Married,2,0,23.0,2.0,2.0,3.0,173.51
23.0,Mobile Phone,3,6.0,Credit Card,Female,3.0,3,Others,2,Married,4,0,,1.0,1.0,6.0,295.17
1.0,Computer,1,17.0,Credit Card,Male,4.0,4,Fashion,3,Married,8,0,12.0,1.0,2.0,,225.48
16.0,Computer,3,8.0,Debit Card,Male,3.0,3,Laptop & Accessory,1,Married,2,0,20.0,7.0,7.0,7.0,156.75
24.0,Mobile Phone,1,35.0,Debit Card,Female,3.0,4,Grocery,5,Divorced,6,1,,1.0,2.0,3.0,293.8
